"Id","658342e59700bdb5e7119b4b","658342e59700bdb5e7119b45","658342e59700bdb5e7119b47","658342e59700bdb5e7119b49","658c8e423bcbd8a985918ad0"
"Timestamp","dayt13/Digital Test Bed/(B)Location (1A36F8)/JTS File Source/Battery Voltage","dayt13/Digital Test Bed/(B)Location (1A36F8)/JTS File Source/Crack Displacement","dayt13/Digital Test Bed/(B)Location (1A36F8)/JTS File Source/Crack.X","dayt13/Digital Test Bed/(B)Location (1A36F8)/JTS File Source/Crack.Y","dayt13/Digital Test Bed/(B)Location (1A36F8)/JTS File Source/RSSI"
"Units","","","","",""
2023-12-20 14:39:16,0,-20.9,-2.5,-29.2,
2023-12-20 14:52:08,,-21,-1.3,-28.7,
2023-12-20 15:37:07,0,-9.7,-0.8,-28.7,
2023-12-20 15:52:07,,-9.7,-0.8,-28.7,
2023-12-20 16:07:07,0,-9.7,-0.8,-28.7,
2023-12-20 16:22:06,,-9.7,-0.8,-28.7,
2023-12-20 16:37:06,0,-9.7,-0.8,-28.7,
2023-12-20 16:52:06,,-9.7,-0.8,-28.7,
2023-12-20 17:07:06,0,-9.7,-0.8,-28.7,
2023-12-20 17:22:06,,-9.7,-0.8,-28.7,
2023-12-20 17:37:06,0,-9.7,-0.8,-28.7,
2023-12-21 14:54:39,0,-10,-0.8,-28.7,
2023-12-22 15:30:05,0,-10.5,-1,-29,
2023-12-22 16:15:04,,-10.6,-1,-29,
2023-12-22 16:45:04,,-10.5,-1,-29,
2023-12-22 17:00:04,3.3,-10.6,-1,-29,
2023-12-22 17:15:04,,-10.6,-1,-29,
2023-12-22 18:00:03,3.4,-10.6,-1,-29,
2023-12-22 18:15:03,,-10.5,-1,-29,
2023-12-22 19:15:02,,-10.6,-1.1,-29,
2023-12-22 19:45:02,,-10.6,-1,-29,
2023-12-22 20:15:02,,-10.6,-1,-29,
2023-12-22 20:30:02,3.4,-10.6,-1.1,-29,
2023-12-22 20:45:02,,-10.5,-1,-29,
2023-12-22 21:00:02,3.4,-10.6,-1.1,-29,
2023-12-22 21:15:02,,-10.6,-1,-29,
2023-12-22 21:30:01,3.4,-10.6,-1,-29,
2023-12-22 21:45:01,,-10.6,-1,-29,
2023-12-22 22:00:01,3.4,-10.6,-1.1,-29,
2023-12-22 22:15:01,,-10.5,-1,-29,
2023-12-22 22:30:01,3.3,-10.5,-1,-29,
2023-12-22 22:45:01,,-10.5,-1.1,-29,
2023-12-22 23:00:00,3.3,-10.5,-1,-29,
2023-12-22 23:30:00,3.3,-10.5,-1,-29,
2023-12-22 23:45:00,,-10.5,-1.1,-29,
2023-12-23 00:00:00,3.3,-10.5,-1.1,-29,
2023-12-23 00:15:00,,-10.5,-1.1,-29,
2023-12-23 00:29:59,3.3,-10.5,-1,-29,
2023-12-23 00:44:59,,-10.5,-1,-29,
2023-12-23 00:59:59,3.3,-10.5,-1,-29,
2023-12-23 01:14:59,,-10.5,-1.1,-29,
2023-12-23 01:29:59,3.3,-10.5,-1.1,-29,
2023-12-23 01:44:59,,-10.5,-1.1,-29,
2023-12-23 01:59:58,3.3,-10.5,-1,-29,
2023-12-23 02:14:58,,-10.5,-1.1,-29,
2023-12-23 02:29:58,3.3,-10.5,-1,-29,
2023-12-23 02:59:58,3.3,-10.5,-1.1,-29,
2023-12-23 03:14:58,,-10.5,-1,-29,
2023-12-23 03:44:57,,-10.5,-1,-29,
2023-12-23 03:59:57,3.3,-10.5,-1.1,-29,
2023-12-23 04:14:57,,-10.5,-1.1,-29,
2023-12-23 04:44:57,,-10.5,-1,-29,
2023-12-23 05:14:57,,-10.5,-1,-29,
2023-12-23 05:29:56,3.3,-10.5,-1.1,-29,
2023-12-23 05:44:56,,-10.5,-1,-29,
2023-12-23 06:44:56,,-10.5,-1.1,-29,
2023-12-23 06:59:56,3.3,-10.5,-1.1,-29,
2023-12-23 07:14:55,,-10.5,-1.1,-29,
2023-12-23 07:29:55,3.3,-10.5,-1.1,-29,
2023-12-23 07:44:55,,-10.5,-1.1,-29,
2023-12-23 08:14:55,,-10.5,-1,-29,
2023-12-23 08:29:55,3.3,-10.4,-1,-29,
2023-12-23 08:44:54,,-10.5,-1.1,-29,
2023-12-23 08:59:54,3.3,-10.5,-1,-29,
2023-12-23 09:14:54,,-10.5,-1.1,-29,
2023-12-23 09:44:54,,-10.4,-1.1,-29,
2023-12-23 10:59:53,3.3,-10.5,-1.1,-29,
2023-12-23 11:29:53,3.3,-10.4,-1,-29,
2023-12-23 11:44:53,,-10.4,-1,-29,
2023-12-23 12:29:52,3.3,-10.4,-1,-29,
2023-12-23 12:59:52,3.3,-10.4,-1,-29,
2023-12-23 13:44:52,,-10.4,-1.1,-29,
2023-12-23 13:59:51,3.3,-10.4,-1,-29,
2023-12-23 14:29:51,3.3,-10.4,-1.1,-29,
2023-12-23 14:44:51,,-10.4,-1.1,-29,
2023-12-23 14:59:51,3.3,-10.4,-1.1,-29,
2023-12-23 15:29:51,3.3,-10.4,-1,-29,
2023-12-23 15:59:50,3.3,-10.4,-1.1,-29,
2023-12-23 16:44:50,,-10.4,-1.1,-29,
2023-12-23 17:29:49,3.3,-10.4,-1.1,-29,
2023-12-23 17:44:49,,-10.4,-1.1,-29,
2023-12-23 18:14:49,,-10.4,-1.1,-29,
2023-12-23 18:29:49,3.3,-10.4,-1.1,-29,
2023-12-23 18:59:49,3.3,-10.4,-1.1,-29,
2023-12-23 19:14:48,,-10.4,-1.1,-29,
2023-12-23 19:29:48,3.3,-10.4,-1.1,-29,
2023-12-23 19:44:48,,-10.4,-1,-29,
2023-12-23 19:59:48,3.3,-10.4,-1,-29,
2023-12-23 20:29:48,3.3,-10.4,-1.1,-29,
2023-12-23 20:59:47,3.3,-10.4,-1,-29,
2023-12-23 21:14:47,,-10.4,-1.1,-29,
2023-12-23 21:44:47,,-10.4,-1.1,-29,
2023-12-23 22:44:46,,-10.4,-1.1,-29,
2023-12-23 22:59:46,3.3,-10.4,-1.1,-29,
2023-12-23 23:14:46,,-10.4,-1.1,-29,
2023-12-23 23:29:46,3.3,-10.4,-1.1,-29,
2023-12-23 23:59:45,3.3,-10.4,-1.1,-29,
2023-12-24 00:14:45,,-10.4,-1.1,-29,
2023-12-24 00:29:45,3.3,-10.4,-1.1,-29,
2023-12-24 00:44:45,,-10.4,-1.1,-29,
2023-12-24 00:59:45,3.3,-10.4,-1,-29,
2023-12-24 01:14:45,,-10.4,-1.1,-29,
2023-12-24 01:29:45,3.3,-10.4,-1.1,-29,
2023-12-24 01:44:44,,-10.4,-1,-29,
2023-12-24 02:14:44,,-10.4,-1,-29,
2023-12-24 02:29:44,3.3,-10.4,-1.1,-29,
2023-12-24 03:14:43,,-10.4,-1.1,-29,
2023-12-24 03:29:43,3.3,-10.4,-1.1,-29,
2023-12-24 03:59:43,3.3,-10.4,-1.1,-29,
2023-12-24 04:14:43,,-10.4,-1,-29,
2023-12-24 04:29:43,3.3,-10.4,-1.1,-29,
2023-12-24 04:44:43,,-10.4,-1.1,-29,
2023-12-24 04:59:42,3.3,-10.4,-1.1,-29,
2023-12-24 05:14:42,,-10.4,-1.1,-29,
2023-12-24 05:29:42,3.3,-10.4,-1.1,-29,
2023-12-24 05:59:42,3.3,-10.4,-1.1,-29,
2023-12-24 06:14:42,,-10.4,-1.1,-29,
2023-12-24 06:29:42,3.3,-10.4,-1,-29,
2023-12-24 06:44:41,,-10.4,-1.1,-29,
2023-12-24 06:59:41,3.3,-10.4,-1.1,-29,
2023-12-24 07:29:41,3.3,-10.4,-1.1,-29,
2023-12-24 08:44:40,,-10.4,-1.1,-29,
2023-12-24 08:59:40,3.3,-10.4,-1.1,-29,
2023-12-24 09:14:40,,-10.4,-1.1,-29,
2023-12-24 09:44:40,,-10.4,-1.1,-29,
2023-12-24 10:29:39,3.3,-10.4,-1.1,-29,
2023-12-24 10:44:39,,-10.4,-1.1,-29,
2023-12-24 10:59:39,3.3,-10.4,-1.1,-29,
2023-12-24 11:29:39,3.3,-10.3,-1.1,-29,
2023-12-24 11:59:38,3.3,-10.4,-1.1,-29,
2023-12-24 12:59:38,3.3,-10.3,-1.1,-29,
2023-12-24 13:29:37,3.3,-10.4,-1.1,-29,
2023-12-24 13:44:37,,-10.3,-1.1,-29,
2023-12-24 14:14:37,,-10.3,-1.1,-29,
2023-12-24 14:29:37,3.3,-10.4,-1.1,-29,
2023-12-24 14:59:37,3.3,-10.3,-1.1,-29,
2023-12-24 15:29:36,3.3,-10.3,-1.1,-29,
2023-12-24 15:59:36,3.3,-10.3,-1.1,-29,
2023-12-24 16:14:36,,-10.3,-1.1,-29,
2023-12-24 16:44:36,,-10.3,-1,-29,
2023-12-24 17:44:35,,-10.3,-1.1,-29,
2023-12-24 17:59:35,3.3,-10.3,-1.1,-29,
2023-12-24 18:29:34,3.3,-10.3,-1.1,-29,
2023-12-24 18:44:34,,-10.3,-1,-29,
2023-12-24 19:14:34,,-10.3,-1.1,-29,
2023-12-24 19:44:34,,-10.3,-1.1,-29,
2023-12-24 19:59:34,3.3,-10.3,-1.1,-29,
2023-12-24 20:14:34,,-10.3,-1.1,-29,
2023-12-24 20:29:33,3.3,-10.3,-1.1,-29,
2023-12-24 20:44:33,,-10.3,-1.1,-29,
2023-12-24 21:14:33,,-10.3,-1.1,-29,
2023-12-24 21:44:33,,-10.3,-1.1,-29,
2023-12-24 21:59:32,3.3,-10.3,-1.1,-29,
2023-12-24 22:14:32,,-10.3,-1.1,-29,
2023-12-24 22:59:32,3.3,-10.3,-1.1,-29,
2023-12-24 23:14:32,,-10.3,-1.1,-29,
2023-12-24 23:29:31,3.3,-10.3,-1.1,-29,
2023-12-24 23:44:31,,-10.3,-1.1,-29,
2023-12-24 23:59:31,3.3,-10.4,-1.1,-29,
2023-12-25 00:14:31,,-10.3,-1.1,-29,
2023-12-25 00:44:31,,-10.3,-1.1,-29,
2023-12-25 00:59:31,3.3,-10.3,-1.1,-29,
2023-12-25 01:14:30,,-10.3,-1.1,-29,
2023-12-25 01:29:30,3.3,-10.3,-1.1,-29,
2023-12-25 02:14:30,,-10.3,-1,-29,
2023-12-25 02:29:30,3.3,-10.3,-1.1,-29,
2023-12-25 02:44:30,,-10.3,-1.1,-29,
2023-12-25 02:59:29,3.3,-10.3,-1.1,-29,
2023-12-25 03:29:29,3.3,-10.3,-1.1,-29,
2023-12-25 03:44:29,,-10.3,-1.1,-29,
2023-12-25 03:59:29,3.3,-10.3,-1.1,-29,
2023-12-25 04:44:28,,-10.3,-1.1,-29,
2023-12-25 04:59:28,3.3,-10.3,-1.1,-29,
2023-12-25 05:14:28,,-10.3,-1,-29,
2023-12-25 06:14:27,,-10.3,-1.1,-29,
2023-12-25 06:29:27,3.3,-10.3,-1,-29,
2023-12-25 06:44:27,,-10.3,-1.1,-29,
2023-12-25 06:59:27,3.3,-10.3,-1.1,-29,
2023-12-25 07:14:27,,-10.3,-1.1,-29,
2023-12-25 07:29:27,3.3,-10.3,-1.1,-29,
2023-12-25 07:59:26,3.3,-10.3,-1.1,-29,
2023-12-25 08:14:26,,-10.3,-1.1,-29,
2023-12-25 08:29:26,3.3,-10.3,-1.1,-29,
2023-12-25 08:44:26,,-10.3,-1.1,-29,
2023-12-25 08:59:26,3.3,-10.3,-1.1,-29,
2023-12-25 09:14:26,,-10.3,-1.1,-29,
2023-12-25 09:29:26,3.3,-10.3,-1.1,-29,
2023-12-25 09:59:25,3.3,-10.3,-1.1,-29,
2023-12-25 10:14:26,,-10.3,-1.1,-29,
2023-12-25 10:29:25,3.3,-10.3,-1.1,-29,
2023-12-25 10:44:25,,-10.3,-1.1,-29,
2023-12-25 10:59:25,3.3,-10.3,-1.1,-29,
2023-12-25 11:14:25,,-10.3,-1.1,-29,
2023-12-25 11:44:24,,-10.3,-1.1,-29,
2023-12-25 12:29:24,3.3,-10.3,-1.1,-29,
2023-12-25 12:44:24,,-10.3,-1.1,-29,
2023-12-25 12:59:23,3.3,-10.3,-1,-29,
2023-12-25 13:14:23,,-10.3,-1.1,-29,
2023-12-25 13:29:23,3.3,-10.3,-1.1,-28.9,
2023-12-25 13:44:23,,-10.3,-1.1,-29,
2023-12-25 13:59:23,3.3,-10.3,-1.1,-29,
2023-12-25 14:29:23,3.3,-10.3,-1.1,-29,
2023-12-25 14:44:22,,-10.3,-1.1,-29,
2023-12-25 15:14:22,,-10.3,-1.1,-29,
2023-12-25 15:29:22,3.3,-10.3,-1.1,-29,
2023-12-25 15:44:22,,-10.3,-1.1,-29,
2023-12-25 16:14:22,,-10.3,-1,-28.9,
2023-12-25 16:29:21,3.3,-10.3,-1.1,-29,
2023-12-25 16:44:21,,-10.3,-1,-29,
2023-12-25 16:59:21,3.3,-10.3,-1.1,-29,
2023-12-25 17:29:21,3.3,-10.2,-1.1,-29,
2023-12-25 17:59:21,3.3,-10.3,-1.1,-29,
2023-12-25 18:14:20,,-10.3,-1,-29,
2023-12-25 18:44:20,,-10.3,-1.1,-28.9,
2023-12-25 19:14:20,,-10.3,-1.1,-29,
2023-12-25 19:29:20,3.3,-10.2,-1.1,-29,
2023-12-25 19:44:19,,-10.3,-1.1,-29,
2023-12-25 19:59:19,3.3,-10.3,-1,-29,
2023-12-25 20:14:19,,-10.3,-1.1,-29,
2023-12-25 20:29:19,3.3,-10.3,-1.1,-29,
2023-12-25 20:59:19,3.3,-10.2,-1.1,-29,
2023-12-25 21:44:18,,-10.3,-1.1,-29,
2023-12-25 21:59:18,3.3,-10.3,-1.1,-29,
2023-12-25 22:14:18,,-10.3,-1.1,-29,
2023-12-25 22:29:18,3.3,-10.3,-1.1,-29,
2023-12-25 22:44:18,,-10.3,-1.1,-28.9,
2023-12-25 22:59:18,3.3,-10.3,-1.1,-29,
2023-12-25 23:14:17,,-10.3,-1.1,-28.9,
2023-12-25 23:29:17,3.3,-10.3,-1.1,-29,
2023-12-25 23:44:17,,-10.3,-1.1,-29,
2023-12-25 23:59:17,3.3,-10.3,-1.1,-29,
2023-12-26 00:44:16,,-10.3,-1.1,-28.9,
2023-12-26 01:29:16,3.3,-10.3,-1.1,-29,
2023-12-26 01:44:16,,-10.2,-1.1,-29,
2023-12-26 01:59:16,3.3,-10.3,-1.1,-29,
2023-12-26 02:29:15,3.3,-10.3,-1.1,-28.9,
2023-12-26 02:44:15,,-10.2,-1.1,-29,
2023-12-26 03:14:15,,-10.3,-1.1,-29,
2023-12-26 03:44:15,,-10.3,-1,-29,
2023-12-26 03:59:15,3.3,-10.3,-1,-29,
2023-12-26 04:29:14,3.3,-10.2,-1,-29,
2023-12-26 04:59:14,3.3,-10.3,-1.1,-29,
2023-12-26 05:29:14,3.3,-10.3,-1.1,-29,
2023-12-26 05:44:14,,-10.2,-1.1,-29,
2023-12-26 05:59:13,3.3,-10.3,-1.1,-29,
2023-12-26 06:14:13,,-10.3,-1,-28.9,
2023-12-26 06:59:13,3.3,-10.3,-1.1,-29,
2023-12-26 07:29:12,3.3,-10.3,-1.1,-29,
2023-12-26 08:14:12,,-10.2,-1,-29,
2023-12-26 09:14:11,,-10.2,-1.1,-28.9,
2023-12-26 09:44:11,,-10.2,-1.1,-29,
2023-12-26 09:59:11,3.3,-10.2,-1.1,-29,
2023-12-26 10:14:11,,-10.3,-1,-29,
2023-12-26 11:14:10,,-10.2,-1.1,-29,
2023-12-26 11:29:10,3.3,-10.3,-1.1,-29,
2023-12-26 12:59:09,3.3,-10.2,-1,-29,
2023-12-26 14:29:09,3.3,-10.3,-1,-29,
2023-12-26 15:29:08,3.3,-10.3,-1.1,-29,
2023-12-26 16:29:07,3.3,-10.3,-1,-29,
2023-12-26 16:59:07,3.3,-10.3,-1.1,-28.9,
2023-12-26 17:44:07,,-10.3,-1,-28.9,
2023-12-26 18:14:06,,-10.3,-1.1,-29,
2023-12-26 20:29:05,3.3,-10.3,-1,-29,
2023-12-26 20:44:05,,-10.3,-1,-29,
2023-12-26 20:59:05,3.3,-10.3,-1,-29,
2023-12-26 22:59:03,3.3,-10.3,-1.1,-29,
2023-12-26 23:14:03,,-10.3,-1,-29,
2023-12-26 23:29:03,3.3,-10.3,-1.1,-29,
2023-12-26 23:44:03,,-10.3,-1.1,-29,
2023-12-27 00:44:02,,-10.3,-1.1,-29,
2023-12-27 00:59:02,3.3,-10.2,-1,-29,
2023-12-27 01:59:02,3.3,-10.3,-1.1,-29,
2023-12-27 02:29:01,3.3,-10.3,-1.1,-29,
2023-12-27 02:59:01,3.3,-10.3,-1.1,-29,
2023-12-27 03:14:01,,-10.2,-1,-29,
2023-12-27 03:44:01,,-10.2,-1,-29,
2023-12-27 04:44:00,,-10.2,-1,-29,
2023-12-27 05:28:59,3.3,-10.3,-1,-29,
2023-12-27 05:43:59,,-10.2,-1.1,-29,
2023-12-27 05:58:59,3.3,-10.2,-1,-29,
2023-12-27 06:28:59,3.3,-10.3,-1,-29,
2023-12-27 06:58:58,3.3,-10.2,-1,-29,
2023-12-27 07:13:58,,-10.2,-1.1,-29,
2023-12-27 07:43:58,,-10.2,-1.1,-28.9,
2023-12-27 08:28:58,3.3,-10.2,-1.1,-29,
2023-12-27 10:13:57,,-10.2,-1,-29,
2023-12-27 14:13:54,,-9.8,-1.1,-28.9,
2023-12-27 15:51:06,3.5,-9.7,-1.5,-9.7,-74
2023-12-27 16:36:06,,-9.8,-1.5,-9.8,-70
2023-12-27 16:51:05,3.3,-9.8,-1.5,-9.8,-70
2023-12-27 17:06:05,,-9.8,-1.5,-9.8,-64
2023-12-27 17:21:05,3.3,-9.8,-1.5,-9.8,-69
2023-12-27 17:36:05,,-9.8,-1.5,-9.8,-70
2023-12-27 17:51:05,3.3,-9.8,-1.5,-9.8,-60
2023-12-27 18:36:04,,-9.8,-1.5,-9.8,-70
2023-12-27 18:51:04,3.3,-9.8,-1.5,-9.8,-71
2023-12-27 19:06:04,,-9.8,-1.5,-9.8,-76
2023-12-27 19:21:04,3.3,-9.8,-1.5,-9.8,-71
2023-12-27 19:36:04,,-9.8,-1.5,-9.8,-63
2023-12-27 19:51:03,3.3,-9.8,-1.5,-9.8,-63
2023-12-27 20:06:03,,-9.8,-1.5,-9.8,-64
2023-12-27 20:21:03,3.3,-9.8,-1.5,-9.8,-64
2023-12-27 20:36:03,,-9.8,-1.5,-9.8,-70
2023-12-27 20:51:03,3.3,-9.8,-1.5,-9.8,-64
2023-12-27 21:06:03,,-9.8,-1.5,-9.8,-66
2023-12-27 21:21:03,3.3,-9.8,-1.5,-9.8,-66
2023-12-27 21:36:02,,-9.8,-1.4,-9.8,-61
2023-12-27 21:51:02,3.3,-9.8,-1.4,-9.8,-63
2023-12-27 22:06:02,,-9.8,-1.5,-9.8,-68
2023-12-27 22:21:02,3.3,-9.8,-1.5,-9.8,-70
2023-12-27 22:36:02,,-9.8,-1.5,-9.8,-65
2023-12-27 22:51:02,3.3,-9.8,-1.5,-9.8,-72
2023-12-27 23:06:02,,-9.8,-1.5,-9.8,-64
2023-12-27 23:21:01,3.3,-9.8,-1.5,-9.8,-71
2023-12-27 23:36:01,,-9.8,-1.5,-9.8,-65
2023-12-27 23:51:01,3.3,-9.8,-1.5,-9.8,-70
2023-12-28 00:06:01,,-9.8,-1.5,-9.8,-65
2023-12-28 00:21:01,3.3,-9.8,-1.5,-9.8,-62
2023-12-28 00:36:01,,-9.8,-1.5,-9.8,-65
2023-12-28 00:51:01,3.3,-9.8,-1.5,-9.8,-65
2023-12-28 01:06:00,,-9.8,-1.5,-9.8,-64
2023-12-28 01:21:00,3.3,-9.8,-1.5,-9.8,-71
2023-12-28 01:36:00,,-9.8,-1.5,-9.8,-64
2023-12-28 01:51:00,3.3,-9.8,-1.5,-9.8,-72
2023-12-28 02:06:00,,-9.8,-1.5,-9.8,-64
2023-12-28 02:21:00,3.3,-9.8,-1.5,-9.8,-65
2023-12-28 02:35:59,,-9.8,-1.5,-9.8,-64
2023-12-28 02:50:59,3.3,-9.8,-1.5,-9.8,-65
2023-12-28 03:05:59,,-9.8,-1.5,-9.8,-66
2023-12-28 03:20:59,3.3,-9.8,-1.5,-9.8,-64
2023-12-28 03:35:59,,-9.8,-1.5,-9.8,-65
2023-12-28 03:50:59,3.3,-9.8,-1.5,-9.8,-69
2023-12-28 04:05:59,,-9.8,-1.5,-9.8,-71
2023-12-28 04:20:58,3.3,-9.8,-1.5,-9.8,-69
2023-12-28 04:35:58,,-9.8,-1.5,-9.8,-65
2023-12-28 04:50:58,3.3,-9.8,-1.5,-9.8,-62
2023-12-28 05:05:58,,-9.8,-1.5,-9.8,-68
2023-12-28 05:20:58,3.3,-9.8,-1.5,-9.8,-70
2023-12-28 05:35:58,,-9.8,-1.5,-9.8,-65
2023-12-28 05:50:58,3.3,-9.8,-1.5,-9.8,-72
2023-12-28 06:05:57,,-9.8,-1.5,-9.8,-64
2023-12-28 06:20:57,3.3,-9.8,-1.5,-9.8,-64
2023-12-28 06:35:57,,-9.8,-1.5,-9.8,-70
2023-12-28 06:50:57,3.3,-9.8,-1.5,-9.8,-65
2023-12-28 07:05:57,,-9.8,-1.5,-9.8,-71
2023-12-28 07:20:57,3.3,-9.8,-1.5,-9.8,-60
2023-12-28 07:35:57,,-9.8,-1.5,-9.8,-60
2023-12-28 07:50:56,3.3,-9.8,-1.5,-9.8,-70
2023-12-28 08:05:56,,-9.8,-1.5,-9.8,-69
2023-12-28 08:20:56,3.3,-9.8,-1.5,-9.8,-66
2023-12-28 09:05:56,,-9.9,-1.4,-9.9,-66
2023-12-28 10:05:55,,-9.9,-1.5,-9.9,-65
2023-12-28 10:20:55,3.3,-9.9,-1.5,-9.9,-64
2023-12-28 10:35:55,,-9.9,-1.4,-9.9,-66
2023-12-28 10:50:55,3.3,-9.9,-1.4,-9.9,-65
2023-12-28 12:20:54,3.3,-10.4,-1.4,-10.4,-52
2023-12-28 12:35:54,,-10.7,-1.4,-10.7,-71
2023-12-28 12:50:54,3.3,-10.7,-1.4,-10.7,-70
2023-12-28 14:35:53,,-10.9,-1.4,-10.9,-54
2023-12-28 14:50:53,3.3,-10.9,-1.4,-10.9,-69
2023-12-28 16:05:52,,-10.8,-1.4,-10.8,-69
2023-12-28 16:20:52,3.3,-10.8,-1.4,-10.8,-70
2023-12-28 17:20:51,3.3,-10.9,-1.4,-10.9,-72
2023-12-28 18:35:50,,-10.9,-1.4,-10.9,-69
2023-12-28 19:35:50,,-10.8,-1.4,-10.8,-70
2023-12-28 20:20:49,3.3,-10.9,-1.4,-10.9,-70
2023-12-28 20:50:49,3.3,-10.8,-1.4,-10.8,-68
2023-12-28 21:50:48,3.3,-10.8,-1.4,-10.8,-51
2023-12-28 23:50:47,3.3,-10.8,-1.4,-10.8,-70
2023-12-29 00:05:47,,-10.8,-1.4,-10.8,-49
2023-12-29 01:05:46,,-10.8,-1.4,-10.8,-70
2023-12-29 01:50:46,3.3,-10.8,-1.4,-10.8,-71
2023-12-29 02:20:46,3.3,-10.8,-1.4,-10.8,-68
2023-12-29 03:05:45,,-10.9,-1.4,-10.9,-57
2023-12-29 03:20:45,3.3,-10.8,-1.4,-10.8,-69
2023-12-29 03:35:45,,-10.8,-1.4,-10.8,-69
2023-12-29 04:20:44,3.3,-10.9,-1.4,-10.9,-70
2023-12-29 04:50:44,3.3,-10.8,-1.4,-10.8,-69
2023-12-29 05:35:44,,-10.9,-1.4,-10.9,-70
2023-12-29 06:05:43,,-10.8,-1.4,-10.8,-58
2023-12-29 06:20:43,3.3,-10.8,-1.4,-10.8,-50
2023-12-29 06:35:43,,-10.8,-1.4,-10.8,-59
2023-12-29 07:05:43,,-10.8,-1.4,-10.8,-53
2023-12-29 07:35:42,,-10.9,-1.4,-10.9,-52
2023-12-29 07:50:42,3.3,-10.8,-1.4,-10.8,-64
2023-12-29 09:20:41,3.3,-10.9,-1.4,-10.9,-53
2023-12-29 09:35:41,,-10.9,-1.4,-10.9,-70
2023-12-29 12:50:39,3.3,-10.8,-1.4,-10.8,-72
2023-12-29 13:35:39,,-10.8,-1.4,-10.8,-70
2023-12-29 14:20:39,3.3,-10.8,-1.4,-10.8,-59
2023-12-29 15:20:38,3.3,-10.8,-1.4,-10.8,-71
2023-12-29 16:35:37,,-10.9,-1.4,-10.9,-69
2023-12-29 16:50:37,3.3,-10.8,-1.4,-10.8,-71
2023-12-29 17:35:37,,-10.9,-1.4,-10.9,-70
2023-12-29 18:20:36,3.3,-10.9,-1.4,-10.9,-69
2023-12-29 19:05:36,,-10.9,-1.4,-10.9,-69
2023-12-29 19:35:35,,-10.9,-1.4,-10.9,-70
2023-12-29 20:05:35,,-10.8,-1.4,-10.8,-51
2023-12-29 21:05:35,,-10.9,-1.4,-10.9,-70
2023-12-29 21:20:34,3.3,-10.8,-1.4,-10.8,-71
2023-12-29 22:35:34,,-10.9,-1.4,-10.9,-70
2023-12-30 00:05:33,,-10.8,-1.4,-10.8,-70
2023-12-30 00:20:33,3.3,-10.8,-1.4,-10.8,-66
2023-12-30 01:50:32,3.3,-10.9,-1.4,-10.9,-71
2023-12-30 02:05:32,,-10.8,-1.4,-10.8,-72
2023-12-30 02:20:31,3.3,-10.9,-1.4,-10.9,-70
2023-12-30 02:35:31,,-10.9,-1.4,-10.9,-72
2023-12-30 02:50:31,3.3,-10.9,-1.4,-10.9,-69
2023-12-30 03:05:31,,-10.8,-1.4,-10.8,-68
2023-12-30 04:35:30,,-10.8,-1.4,-10.8,-71
2023-12-30 04:50:30,3.3,-10.8,-1.4,-10.8,-69
2023-12-30 05:05:30,,-10.8,-1.4,-10.8,-71
2023-12-30 06:35:29,,-10.9,-1.4,-10.9,-70
2023-12-30 06:50:29,3.3,-10.8,-1.4,-10.8,-59
2023-12-30 07:05:29,,-10.8,-1.4,-10.8,-71
2023-12-30 08:20:28,3.3,-10.8,-1.4,-10.8,-71
2023-12-30 08:35:28,,-10.8,-1.4,-10.8,-71
2023-12-30 09:50:27,3.3,-10.8,-1.4,-10.8,-69
2023-12-30 10:20:27,3.3,-10.8,-1.4,-10.8,-70
2023-12-30 11:20:26,3.3,-10.9,-1.4,-10.9,-51
2023-12-30 11:50:26,3.3,-10.8,-1.4,-10.8,-69
2023-12-30 12:05:26,,-10.8,-1.4,-10.8,-70
2023-12-30 12:20:25,3.3,-10.9,-1.4,-10.9,-69
2023-12-30 13:05:25,,-10.8,-1.4,-10.8,-71
2023-12-30 13:20:25,3.3,-10.8,-1.4,-10.8,-68
2023-12-30 13:50:25,3.3,-10.8,-1.4,-10.8,-71
2023-12-30 14:50:24,3.3,-10.8,-1.4,-10.8,-58
2023-12-30 15:05:24,,-10.9,-1.4,-10.9,-69
2023-12-30 15:35:24,,-10.8,-1.4,-10.8,-71
2023-12-30 15:50:23,3.3,-10.8,-1.4,-10.8,-70
2023-12-30 16:20:23,3.3,-10.9,-1.4,-10.9,-68
2023-12-30 16:50:23,3.3,-10.8,-1.4,-10.8,-70
2023-12-30 17:05:23,,-10.8,-1.4,-10.8,-72
2023-12-30 17:20:23,3.3,-10.9,-1.4,-10.9,-69
2023-12-30 18:05:22,,-10.8,-1.4,-10.8,-77
2023-12-30 18:35:22,,-10.8,-1.4,-10.8,-70
2023-12-30 19:50:21,3.3,-10.9,-1.4,-10.9,-53
2023-12-30 20:20:21,3.3,-10.9,-1.4,-10.9,-53
2023-12-30 20:50:20,3.3,-10.8,-1.4,-10.8,-53
2023-12-30 21:35:20,,-10.9,-1.4,-10.9,-59
2023-12-30 23:20:19,3.3,-10.8,-1.4,-10.8,-70
2023-12-30 23:50:19,3.3,-10.9,-1.4,-10.9,-72
2023-12-31 00:05:18,,-10.8,-1.4,-10.8,-70
2023-12-31 00:20:18,3.3,-10.8,-1.4,-10.8,-69
2023-12-31 01:35:18,,-10.9,-1.4,-10.9,-77
2023-12-31 04:20:16,3.3,-10.8,-1.4,-10.8,-66
2023-12-31 04:35:16,,-10.9,-1.4,-10.9,-64
2023-12-31 06:05:15,,-10.8,-1.4,-10.8,-70
2023-12-31 06:50:15,3.3,-10.8,-1.4,-10.8,-54
2023-12-31 08:05:14,,-10.8,-1.4,-10.8,-70
2023-12-31 08:20:14,3.3,-10.8,-1.4,-10.8,-53
2023-12-31 09:05:13,,-10.8,-1.4,-10.8,-76
2023-12-31 09:35:13,,-10.8,-1.4,-10.8,-71
2023-12-31 09:50:13,3.3,-10.8,-1.4,-10.8,-69
2023-12-31 10:05:13,,-10.8,-1.4,-10.8,-69
2023-12-31 10:20:13,3.3,-10.8,-1.4,-10.8,-72
2023-12-31 11:05:12,,-10.8,-1.4,-10.8,-71
2023-12-31 11:20:12,3.3,-10.8,-1.4,-10.8,-57
2023-12-31 11:35:12,,-10.8,-1.4,-10.8,-59
2023-12-31 11:50:11,3.3,-10.8,-1.4,-10.8,-53
2023-12-31 12:20:11,3.3,-10.8,-1.4,-10.8,-59
2023-12-31 13:05:11,,-10.8,-1.4,-10.8,-53
2023-12-31 13:50:10,3.3,-10.9,-1.4,-10.9,-59
2023-12-31 14:05:10,,-10.9,-1.4,-10.9,-70
2023-12-31 14:20:10,3.3,-10.9,-1.4,-10.9,-72
2023-12-31 14:50:10,3.3,-10.9,-1.4,-10.9,-71
2023-12-31 15:05:10,,-10.8,-1.4,-10.8,-52
2023-12-31 15:20:09,3.3,-10.8,-1.4,-10.8,-53
2023-12-31 15:50:09,3.3,-10.9,-1.4,-10.9,-53
2023-12-31 16:05:09,,-10.8,-1.4,-10.8,-53
2023-12-31 16:50:08,3.3,-10.8,-1.4,-10.8,-52
2023-12-31 18:05:08,,-10.8,-1.4,-10.8,-50
2023-12-31 18:50:07,3.3,-10.8,-1.4,-10.8,-58
2023-12-31 19:20:07,3.3,-10.9,-1.4,-10.9,-71
2023-12-31 19:35:07,,-10.8,-1.4,-10.8,-68
2023-12-31 20:50:06,3.3,-10.8,-1.4,-10.8,-67
2023-12-31 21:05:06,,-10.8,-1.4,-10.8,-52
2023-12-31 22:05:05,,-10.8,-1.4,-10.8,-70
2023-12-31 23:05:05,,-10.9,-1.4,-10.9,-68
2023-12-31 23:35:05,,-10.8,-1.4,-10.8,-68
2024-01-01 01:05:04,,-10.8,-1.4,-10.8,-77
2024-01-01 01:20:04,3.3,-10.9,-1.4,-10.9,-72
2024-01-01 01:50:03,3.3,-10.9,-1.4,-10.9,-68
2024-01-01 02:35:03,,-10.8,-1.4,-10.8,-70
2024-01-01 02:50:03,3.3,-10.9,-1.4,-10.9,-70
2024-01-01 03:05:03,,-10.9,-1.4,-10.9,-77
2024-01-01 03:35:02,,-10.9,-1.4,-10.9,-69
2024-01-01 04:05:02,,-10.8,-1.4,-10.8,-69
2024-01-01 04:20:02,3.3,-10.8,-1.4,-10.8,-50
2024-01-01 04:35:01,,-10.8,-1.4,-10.8,-59
2024-01-01 05:05:01,,-10.9,-1.4,-10.9,-53
2024-01-01 05:50:01,3.3,-10.9,-1.4,-10.9,-59
2024-01-01 06:05:01,,-10.8,-1.4,-10.8,-53
2024-01-01 06:35:00,,-10.9,-1.4,-10.9,-52
2024-01-01 06:50:00,3.3,-10.9,-1.4,-10.9,-52
2024-01-01 07:20:00,3.3,-10.9,-1.4,-10.9,-51
2024-01-01 07:50:00,3.3,-10.9,-1.4,-10.9,-65
2024-01-01 08:04:59,,-10.9,-1.4,-10.9,-65
2024-01-01 09:04:59,,-10.9,-1.4,-10.9,-64
2024-01-01 09:34:59,,-10.8,-1.4,-10.8,-53
2024-01-01 09:49:59,3.3,-10.9,-1.4,-10.9,-70
2024-01-01 10:04:58,,-10.8,-1.4,-10.8,-70
2024-01-01 10:19:58,3.3,-10.9,-1.4,-10.9,-71
2024-01-01 10:49:58,3.3,-10.8,-1.4,-10.8,-68
2024-01-01 11:49:57,3.3,-10.9,-1.4,-10.9,-72
2024-01-01 12:04:57,,-10.9,-1.4,-10.9,-70
2024-01-01 13:04:56,,-10.9,-1.4,-10.9,-53
2024-01-01 13:19:56,3.3,-10.8,-1.4,-10.8,-58
2024-01-01 13:49:59,3.3,-10.8,-1.4,-10.8,-53
2024-01-01 14:34:56,,-10.9,-1.4,-10.9,-58
2024-01-01 15:34:55,,-10.8,-1.4,-10.8,-53
2024-01-01 16:04:55,,-10.8,-1.4,-10.8,-53
2024-01-01 16:34:54,,-10.8,-1.4,-10.8,-50
2024-01-01 18:19:53,3.3,-10.8,-1.4,-10.8,-58
2024-01-01 19:04:53,,-10.8,-1.4,-10.8,-53
2024-01-01 19:34:53,,-10.9,-1.4,-10.9,-50
2024-01-01 20:49:52,3.3,-10.8,-1.4,-10.8,-57
2024-01-01 21:04:52,,-10.8,-1.4,-10.8,-59
2024-01-01 22:04:51,,-10.9,-1.4,-10.9,-70
2024-01-01 22:34:51,,-10.8,-1.4,-10.8,-70
2024-01-01 23:04:51,,-10.8,-1.4,-10.8,-69
2024-01-01 23:34:50,,-10.9,-1.4,-10.9,-63
2024-01-02 00:19:50,3.3,-10.8,-1.4,-10.8,-72
2024-01-02 00:34:50,,-10.8,-1.4,-10.8,-70
2024-01-02 01:04:50,,-10.9,-1.4,-10.9,-68
2024-01-02 01:19:49,3.3,-10.8,-1.4,-10.8,-72
2024-01-02 01:34:49,,-10.9,-1.4,-10.9,-70
2024-01-02 01:49:49,3.3,-10.8,-1.4,-10.8,-72
2024-01-02 02:04:49,,-10.9,-1.4,-10.9,-70
2024-01-02 03:04:49,,-10.9,-1.4,-10.9,-76
2024-01-02 03:34:48,,-10.8,-1.4,-10.8,-49
2024-01-02 04:19:47,3.3,-10.8,-1.4,-10.8,-53
2024-01-02 05:19:47,3.3,-10.9,-1.4,-10.9,-64
2024-01-02 05:34:47,,-10.8,-1.4,-10.8,-60
2024-01-02 06:04:47,,-10.8,-1.4,-10.8,-70
2024-01-02 06:19:46,3.3,-10.9,-1.4,-10.9,-72
2024-01-02 06:49:46,3.3,-10.8,-1.4,-10.8,-72
2024-01-02 07:04:46,,-10.8,-1.4,-10.8,-77
2024-01-02 08:04:45,,-10.8,-1.4,-10.8,-70
2024-01-02 08:19:45,3.3,-10.8,-1.4,-10.8,-51
2024-01-02 08:34:45,,-10.9,-1.4,-10.9,-52
2024-01-02 08:49:45,3.3,-10.8,-1.4,-10.8,-59
2024-01-02 09:34:44,,-10.8,-1.4,-10.8,-52
2024-01-02 10:19:44,3.3,-10.9,-1.4,-10.9,-50
2024-01-02 10:34:44,,-10.8,-1.4,-10.8,-59
2024-01-02 11:04:43,,-10.8,-1.4,-10.8,-51
2024-01-02 11:34:43,,-10.8,-1.4,-10.8,-59
2024-01-02 12:04:43,,-10.8,-1.4,-10.8,-59
2024-01-02 12:34:43,,-10.9,-1.4,-10.9,-44
2024-01-02 13:19:42,3.3,-10.9,-1.4,-10.9,-61
2024-01-02 13:34:42,,-10.9,-1.4,-10.9,-62
2024-01-02 14:04:42,,-10.8,-1.4,-10.8,-46
2024-01-02 14:19:42,3.3,-10.9,-1.4,-10.9,-64
2024-01-02 15:04:41,,-10.9,-1.4,-10.9,-70
2024-01-02 15:34:41,,-10.9,-1.4,-10.9,-68
2024-01-02 15:49:41,3.3,-10.9,-1.4,-10.9,-57
2024-01-02 16:34:40,,-10.8,-1.4,-10.8,-59
2024-01-02 16:49:40,3.3,-10.9,-1.4,-10.9,-58
2024-01-02 17:34:40,,-10.9,-1.4,-10.9,-59
2024-01-02 18:04:39,,-10.8,-1.4,-10.8,-58
2024-01-02 18:34:39,,-10.9,-1.4,-10.9,-56
2024-01-02 18:49:39,3.3,-10.9,-1.4,-10.9,-72
2024-01-02 19:04:39,,-10.8,-1.4,-10.8,-57
2024-01-02 19:19:39,3.3,-10.9,-1.4,-10.9,-55
2024-01-02 19:34:39,,-10.8,-1.4,-10.8,-65
2024-01-02 20:34:38,,-10.8,-1.4,-10.8,-76
2024-01-02 21:04:37,,-10.9,-1.4,-10.9,-71
2024-01-02 21:34:37,,-10.9,-1.4,-10.9,-58
2024-01-02 21:49:37,3.3,-10.9,-1.4,-10.9,-69
2024-01-02 22:04:37,,-10.9,-1.4,-10.9,-57
2024-01-02 22:19:37,3.3,-10.9,-1.4,-10.9,-59
2024-01-02 23:04:36,,-10.8,-1.4,-10.8,-58
2024-01-02 23:19:36,3.3,-10.9,-1.4,-10.9,-60
2024-01-02 23:34:36,,-10.9,-1.4,-10.9,-61
2024-01-02 23:49:36,3.3,-10.8,-1.4,-10.8,-57
2024-01-03 00:04:36,,-10.8,-1.4,-10.8,-59
2024-01-03 00:19:36,3.3,-10.8,-1.4,-10.8,-59
2024-01-03 00:34:35,,-10.8,-1.4,-10.8,-59
2024-01-03 01:19:35,3.3,-10.9,-1.4,-10.9,-59
2024-01-03 01:34:35,,-10.8,-1.4,-10.8,-60
2024-01-03 01:49:35,3.3,-10.8,-1.4,-10.8,-59
2024-01-03 02:04:35,,-10.8,-1.4,-10.8,-58
2024-01-03 02:34:34,,-10.8,-1.4,-10.8,-58
2024-01-03 03:34:34,,-10.8,-1.4,-10.8,-57
2024-01-03 03:49:34,3.3,-10.8,-1.4,-10.8,-60
2024-01-03 04:04:33,,-10.9,-1.4,-10.9,-64
2024-01-03 04:19:33,3.3,-10.9,-1.4,-10.9,-66
2024-01-03 04:34:33,,-10.9,-1.4,-10.9,-59
2024-01-03 05:04:33,,-10.8,-1.4,-10.8,-61
2024-01-03 05:19:33,3.3,-10.8,-1.4,-10.8,-56
2024-01-03 05:49:32,3.3,-10.9,-1.4,-10.9,-60
2024-01-03 06:04:32,,-10.8,-1.4,-10.8,-57
2024-01-03 06:19:32,3.3,-10.9,-1.4,-10.9,-57
2024-01-03 06:49:32,3.3,-10.8,-1.4,-10.8,-59
2024-01-03 07:19:31,3.3,-10.9,-1.4,-10.9,-70
2024-01-03 07:49:31,3.3,-10.8,-1.4,-10.8,-52
2024-01-03 08:19:31,3.3,-10.8,-1.4,-10.8,-60
2024-01-03 08:49:31,3.3,-10.8,-1.4,-10.8,-56
2024-01-03 09:19:30,3.3,-10.8,-1.4,-10.8,-51
2024-01-03 10:04:30,,-10.9,-1.4,-10.9,-58
2024-01-03 18:37:54,3.3,-21,-3.7,-21,-138
2024-01-03 18:52:54,,-20.5,-4.5,-20.5,-134
2024-01-03 20:22:53,,-20.8,-3.7,-20.8,-137
2024-01-03 21:07:53,3.3,-20.9,-2.8,-20.9,-138
2024-01-03 21:22:53,,-20.6,-4.4,-20.6,-136
2024-01-03 21:37:53,3.3,-20.6,-4.9,-20.6,-133
2024-01-03 22:37:52,3.3,-20.9,-3.3,-20.9,-134
2024-01-03 23:07:52,3.3,-20.3,-5.4,-20.3,-134
2024-01-03 23:52:51,,-20.5,-5,-20.5,-131
2024-01-04 00:07:51,3.3,-20.7,-3.7,-20.7,-135
2024-01-04 00:22:51,,-20.8,-4.3,-20.8,-131
2024-01-04 00:52:51,,-21,-4,-21,-130
2024-01-04 01:22:50,,-20.8,-4.4,-20.8,-132
2024-01-04 01:37:50,3.3,-20.8,-4.1,-20.8,-134
2024-01-04 01:52:50,,-20.9,-4,-20.9,-129
2024-01-04 02:07:50,3.3,-20.7,-3.8,-20.7,-132
2024-01-04 02:22:50,,-20.7,-4.4,-20.7,-132
2024-01-04 03:07:49,3.3,-20.5,-4.7,-20.5,-133
2024-01-04 03:37:49,3.3,-20.8,-3.3,-20.8,-129
2024-01-04 04:22:49,,-20.6,-4.7,-20.6,-135
2024-01-04 04:52:48,,-20.5,-4.4,-20.5,-135
2024-01-04 05:07:48,3.3,-20.8,-3.7,-20.8,-134
2024-01-04 05:22:48,,-20.4,-4.9,-20.4,-132
2024-01-04 05:37:48,3.3,-21.1,-2.6,-21.1,-132
2024-01-04 06:37:47,3.3,-20.8,-3.7,-20.8,-130
2024-01-04 07:22:47,,-20.6,-3.7,-20.6,-132
2024-01-04 07:37:47,3.3,-20.9,-3.9,-20.9,-130
2024-01-04 08:22:46,,-20.5,-4.2,-20.5,-135
2024-01-04 09:52:46,,-22.2,-1.1,-22.2,-86
2024-01-04 10:07:46,3.3,-22.7,-1.2,-22.7,-101
2024-01-04 10:22:45,,-22.4,-1.2,-22.4,-92
2024-01-04 10:37:45,3.3,0,0,0,-103
2024-01-04 10:52:45,,0.1,0,0.1,-101
2024-01-04 11:07:45,3.3,0.1,0,0.1,-100
2024-01-04 11:22:45,,0.1,0,0.1,-101
2024-01-04 11:37:44,3.3,0.1,0,0.1,-100
2024-01-04 11:52:44,,0,0,0,-101
2024-01-04 12:07:44,3.3,0,0,0,-103
2024-01-04 12:22:44,,0,0,0,-102
2024-01-04 12:37:44,3.3,0,0,0,-105
2024-01-04 12:52:44,,0,0,0,-103
2024-01-04 13:22:43,,0,0,0,-109
2024-01-04 13:37:43,3.3,0,0,0,-103
2024-01-04 13:52:43,,0,0,0,-107
2024-01-04 14:10:16,3.3,0,0,0,-108
2024-01-04 14:22:43,,0,0,0,-102
2024-01-04 14:37:42,3.3,0,0,0,-103
2024-01-04 15:07:42,3.3,0,0,0,-103
2024-01-04 15:22:42,,0,0,0,-103
2024-01-04 16:07:42,3.3,0,0,0,-102
2024-01-04 16:22:42,,0,0,0,-100
2024-01-04 16:37:41,3.3,0,0,0,-110
2024-01-04 16:52:41,,0,0,0,-105
2024-01-04 17:22:41,,0,0,0,-101
2024-01-04 17:37:41,3.3,0,0,0,-103
2024-01-04 17:52:41,,0,0,0,-107
2024-01-04 18:37:40,3.3,0.1,0,0.1,-101
2024-01-04 19:22:40,,0.1,0,0.1,-103
2024-01-04 20:07:40,3.3,0.1,0,0.1,-100
2024-01-04 20:37:39,3.3,0.1,0,0.1,-104
2024-01-04 20:52:39,,0.1,0,0.1,-102
2024-01-04 21:37:39,3.3,0.1,0,0.1,-104
2024-01-04 22:07:38,3.3,0.1,0,0.1,-104
2024-01-04 23:22:38,,0.1,0,0.1,-109
2024-01-05 00:07:37,3.3,0.1,0,0.1,-107
2024-01-05 03:22:36,,0.2,0,0.2,-101
2024-01-05 03:52:35,,0.2,0,0.2,-102
2024-01-05 04:37:35,3.3,0.2,0,0.2,-101
2024-01-05 05:52:35,,0.2,0,0.2,-103
2024-01-05 08:22:33,,0.1,0,0.1,-104
2024-01-05 11:22:32,,0.1,0,0.1,-108
2024-01-05 11:37:32,3.3,0.1,0,0.1,-108
2024-01-05 14:52:30,,0.1,0,0.1,-109
2024-01-05 15:07:30,3.3,0,0,0,-109
2024-01-05 15:22:29,,0.1,0,0.1,-108
2024-01-05 15:37:29,3.3,0,0,0,-104
2024-01-05 16:07:29,3.3,0,0,0,-106
2024-01-05 16:22:29,,0,0,0,-109
2024-01-05 16:37:29,3.3,0,0,0,-107
2024-01-05 16:52:29,,0,0,0,-108
2024-01-05 17:22:28,,0.1,0,0.1,-112
2024-01-05 17:37:28,3.3,0,0,0,-104
2024-01-05 18:07:28,3.3,0.1,0,0.1,-106
2024-01-05 18:22:28,,0.1,0,0.1,-107
2024-01-05 18:37:28,3.3,0.1,0,0.1,-107
2024-01-05 19:07:27,3.3,0.1,0,0.1,-109
2024-01-05 20:07:27,3.3,0.1,0,0.1,-109
2024-01-05 20:22:27,,0.1,0,0.1,-111
2024-01-05 20:37:27,3.3,0.1,0,0.1,-108
2024-01-05 20:52:27,,0.1,0,0.1,-110
2024-01-05 21:07:26,3.3,0.1,0,0.1,-107
2024-01-05 21:37:26,3.3,0.1,0,0.1,-110
2024-01-05 21:52:26,,0.1,0,0.1,-107
2024-01-05 22:07:26,3.3,0.1,0,0.1,-104
2024-01-05 22:22:26,,0.1,0,0.1,-104
2024-01-05 22:52:25,,0.1,0,0.1,-106
2024-01-05 23:07:25,3.3,0.1,0,0.1,-103
2024-01-05 23:22:25,,0.1,0,0.1,-102
2024-01-06 00:07:25,3.3,0.1,0,0.1,-103
2024-01-06 01:07:24,3.3,0.1,0,0.1,-106
2024-01-06 01:22:24,,0.1,0,0.1,-103
2024-01-06 02:22:24,,0.1,0,0.1,-108
2024-01-06 03:52:23,,0.1,0,0.1,-101
2024-01-06 04:07:23,3.3,0.1,0,0.1,-102
2024-01-06 06:07:22,3.3,0.1,0,0.1,-105
2024-01-06 06:37:21,3.3,0.1,0,0.1,-102
2024-01-06 08:22:21,,0.1,0,0.1,-103
2024-01-06 08:52:20,,0.1,0,0.1,-104
2024-01-06 09:22:20,,0.1,0,0.1,-103
2024-01-06 11:22:19,,0,0,0,-111
2024-01-06 11:52:19,,0,0,0,-108
2024-01-06 12:07:19,3.3,0,0,0,-108
2024-01-06 13:22:18,,0,0,0,-109
2024-01-06 13:52:18,,0,0,0,-116
2024-01-06 15:07:17,3.3,0.1,0,0.1,-106
2024-01-06 15:22:17,,0.1,0,0.1,-108
2024-01-06 15:37:17,3.3,0.1,0,0.1,-107
2024-01-06 17:22:16,,0.1,0,0.1,-102
2024-01-06 17:52:15,,0,0,0,-107
2024-01-06 18:37:15,3.3,0,0,0,-104
2024-01-06 18:52:15,,0,0,0,-105
2024-01-06 19:07:15,3.3,0,0,0,-108
2024-01-06 20:07:14,3.3,0,0,0,-103
2024-01-06 20:22:14,,0,0,0,-102
2024-01-06 22:07:13,3.3,-0.1,0,-0.1,-103
2024-01-06 22:52:13,,-0.1,-0.1,-0.1,-106
2024-01-06 23:37:12,3.3,-0.1,-0.1,-0.1,-107
2024-01-07 00:07:12,3.3,0,-0.1,0,-103
2024-01-07 00:37:12,3.3,0,0,0,-103
2024-01-07 01:07:11,3.3,0,0,0,-104
2024-01-07 01:22:11,,0,0,0,-115
2024-01-07 01:52:11,,0,0,0,-106
2024-01-07 02:07:11,3.3,0,0,0,-104
2024-01-07 02:37:11,3.3,0,0,0,-111
2024-01-07 03:22:10,,0,0,0,-111
2024-01-07 03:52:10,,0,0,0,-111
2024-01-07 04:52:09,,0,0,0,-112
2024-01-07 05:07:09,3.3,0,0,0,-110
2024-01-07 05:22:09,,0,0,0,-108
2024-01-07 05:52:09,,0,0,0,-106
2024-01-07 06:22:08,,0,0,0,-109
2024-01-07 06:37:08,3.3,0,0,0,-106
2024-01-07 06:52:08,,0,0,0,-112
2024-01-07 07:07:08,3.3,0,0,0,-110
2024-01-07 07:22:08,,0,0,0,-112
2024-01-07 07:37:08,3.3,0,0,0,-108
2024-01-07 08:07:08,3.3,0,0,0,-106
2024-01-07 08:22:07,,0,0,0,-104
2024-01-07 08:52:07,,0,0,0,-104
2024-01-07 09:07:07,3.3,0,0,0,-107
2024-01-07 09:22:07,,0,0,0,-111
2024-01-07 09:37:07,3.3,0,0,0,-107
2024-01-07 10:07:06,3.3,0,0,0,-101
2024-01-07 12:52:05,,0,0,0,-104
2024-01-07 19:07:02,3.3,0,0,0,-102
2024-01-07 19:22:01,,0,0,0,-103
2024-01-07 20:07:01,3.3,0,0,0,-104
2024-01-07 20:22:01,,0,0,0,-102
2024-01-07 22:22:00,,0,0,0,-101
2024-01-08 00:51:59,,0,0,0,-102
2024-01-08 01:51:58,,0,0,0,-102
2024-01-08 02:36:57,3.3,0,0,0,-104
2024-01-08 04:06:57,3.3,0,0.1,0,-103
2024-01-08 04:51:56,,0,0,0,-102
2024-01-08 05:51:56,,0,0,0,-104
2024-01-08 07:36:55,3.3,0,0,0,-100
2024-01-08 10:06:53,3.3,0,0,0,-107
2024-01-08 11:21:53,,0,0,0,-102
2024-01-08 17:06:49,3.3,-0.1,0,-0.1,-101
2024-01-08 18:06:49,3.3,-0.1,-0.1,-0.1,-107
2024-01-08 18:36:49,3.3,-0.1,0,-0.1,-103
2024-01-08 19:36:48,3.3,0,-0.1,0,-101
2024-01-08 19:51:48,,0,0,0,-102
2024-01-08 20:06:48,3.3,0,0,0,-104
2024-01-08 22:51:46,,0,0,0,-108
2024-01-09 01:21:45,,0.1,0,0.1,-99
2024-01-09 02:36:44,3.3,0,0,0,-101
2024-01-09 03:21:44,,0.1,0,0.1,-101
2024-01-09 07:21:42,,0,0,0,-103
2024-01-09 12:36:39,3.3,0,0.1,0,-110
2024-01-09 13:21:38,,-0.1,0,-0.1,-110
2024-01-09 14:06:38,3.3,-0.1,0,-0.1,-113
2024-01-09 14:21:38,,0,0,0,-110
2024-01-09 14:36:38,3.3,0,-0.1,0,-114
2024-01-09 16:21:37,,-0.1,0.1,-0.1,-117
2024-01-09 16:36:37,3.3,-0.1,0,-0.1,-116
2024-01-09 22:21:33,,-0.1,0,-0.1,-115
2024-01-10 01:06:32,3.3,-0.2,0.1,-0.2,-113
2024-01-10 12:06:25,3.3,-0.1,0.1,-0.1,-102
2024-01-10 15:51:23,,-0.1,0.1,-0.1,-103
2024-01-10 19:36:21,3.3,-0.1,0,-0.1,-104
2024-01-11 11:21:12,,-0.1,0.1,-0.1,-111
2024-01-11 13:06:11,3.3,-0.1,0.1,-0.1,-109
2024-01-11 13:36:11,3.3,-0.1,0.1,-0.1,-108
2024-01-11 15:36:10,3.3,-0.1,0.1,-0.1,-108
2024-01-11 16:06:10,3.3,-0.1,0.1,-0.1,-111
2024-01-11 16:21:09,,-0.1,0.1,-0.1,-114
2024-01-11 17:36:09,3.3,-0.1,0.1,-0.1,-108
2024-01-11 18:51:08,,-0.1,0.1,-0.1,-107
2024-01-11 21:51:06,,0,0.1,0,-108
2024-01-11 23:36:05,3.3,-0.1,0.2,-0.1,-105
2024-01-12 00:06:05,3.3,0,0.1,0,-109
2024-01-12 00:21:05,,0,0.1,0,-107
2024-01-12 00:51:05,,0,0.1,0,-108
2024-01-12 01:51:04,,0,0,0,-108
2024-01-12 04:06:03,3.3,0,0.1,0,-108
2024-01-12 06:06:02,3.3,0.1,0,0.1,-106
2024-01-12 08:51:00,,0,0,0,-101
2024-01-12 09:21:00,,0,0.1,0,-114
2024-01-12 09:36:00,3.3,0.1,0,0.1,-107
2024-01-12 09:51:00,,0,0.1,0,-106
2024-01-12 10:36:00,3.3,0,0,0,-115
2024-01-12 11:05:59,3.3,0,0.1,0,-111
2024-01-12 11:20:59,,0,0.1,0,-120
2024-01-12 12:05:59,3.3,-0.1,0.1,-0.1,-110
2024-01-12 12:35:58,3.3,-0.1,0.1,-0.1,-111
2024-01-12 12:50:58,,-0.1,0.1,-0.1,-122
2024-01-12 13:05:58,3.3,-0.1,0.1,-0.1,-106
2024-01-12 13:50:58,,-0.1,0.1,-0.1,-109
2024-01-12 15:50:57,,-0.1,0,-0.1,-118
2024-01-12 16:05:56,3.3,-0.1,0.1,-0.1,-112
2024-01-12 17:20:56,,-0.1,0.1,-0.1,-118
2024-01-12 18:20:55,,-0.1,0.1,-0.1,-119
2024-01-12 18:35:55,3.3,-0.1,0.1,-0.1,-118
2024-01-12 19:35:54,3.3,-0.1,0.1,-0.1,-118
2024-01-12 20:05:54,3.3,0,0.1,0,-118
2024-01-12 20:35:54,3.3,-0.1,0,-0.1,-117
2024-01-12 21:35:53,3.3,-0.1,0,-0.1,-112
2024-01-12 21:50:53,,-0.1,0.1,-0.1,-112
2024-01-12 22:05:53,3.3,-0.1,0.2,-0.1,-112
2024-01-12 22:35:53,3.3,-0.1,0.1,-0.1,-109
2024-01-13 00:35:52,3.3,-0.1,0.1,-0.1,-108
2024-01-13 00:50:51,,-0.2,0,-0.2,-111
2024-01-13 01:20:51,,-0.1,0.1,-0.1,-115
2024-01-13 01:35:51,3.3,-0.1,0,-0.1,-108
2024-01-13 01:50:51,,-0.1,0.1,-0.1,-109
2024-01-13 03:05:50,3.3,-0.1,0,-0.1,-110
2024-01-13 03:35:50,3.3,-0.1,0.1,-0.1,-107
2024-01-13 03:50:50,,-0.2,0.1,-0.2,-109
2024-01-13 04:05:50,3.3,-0.1,0.1,-0.1,-108
2024-01-13 04:20:49,,-0.2,0.1,-0.2,-116
2024-01-13 04:50:49,,-0.2,0,-0.2,-115
2024-01-13 05:05:49,3.3,-0.1,0.1,-0.1,-109
2024-01-13 05:35:49,3.3,-0.2,0.2,-0.2,-111
2024-01-13 05:50:49,,-0.1,0.1,-0.1,-115
2024-01-13 06:35:48,3.3,-0.2,0.2,-0.2,-111
2024-01-13 06:50:48,,-0.2,0.1,-0.2,-120
2024-01-13 07:05:48,3.3,-0.2,0.1,-0.2,-113
2024-01-13 07:20:48,,-0.2,0.1,-0.2,-120
2024-01-13 07:35:47,3.3,-0.2,0.1,-0.2,-114
2024-01-13 07:50:47,,-0.1,0,-0.1,-114
2024-01-13 08:20:47,,-0.2,0.1,-0.2,-108
2024-01-13 08:50:47,,-0.2,0.1,-0.2,-112
2024-01-13 09:05:47,3.3,-0.1,0.2,-0.1,-109
2024-01-13 09:20:47,,-0.2,0.1,-0.2,-109
2024-01-13 09:35:46,3.3,-0.2,0.1,-0.2,-108
2024-01-13 10:05:46,3.3,-0.1,0.1,-0.1,-106
2024-01-13 10:20:46,,-0.1,0.1,-0.1,-113
2024-01-13 11:20:45,,-0.2,0.1,-0.2,-113
2024-01-13 11:35:45,3.3,-0.1,0.1,-0.1,-111
2024-01-13 13:05:44,3.3,-0.1,0,-0.1,-116
2024-01-13 14:05:44,3.3,-0.1,0.1,-0.1,-109
2024-01-13 14:50:43,,-0.1,0.1,-0.1,-114
2024-01-13 16:20:42,,-0.1,0.1,-0.1,-108
2024-01-13 17:20:42,,-0.1,0.1,-0.1,-108
2024-01-13 19:20:41,,0,0.2,0,-118
2024-01-13 20:05:40,3.3,0,0.1,0,-118
2024-01-13 21:20:40,,0,0.1,0,-114
2024-01-13 21:50:39,,0,0.2,0,-114
2024-01-13 22:35:39,3.3,0,0.1,0,-116
2024-01-13 22:50:39,,0,0.1,0,-115
2024-01-14 00:05:38,3.3,0,0.1,0,-117
2024-01-14 00:20:38,,0,0.1,0,-115
2024-01-14 00:50:38,,0,0.1,0,-121
2024-01-14 02:05:37,3.3,0,0.1,0,-115
2024-01-14 02:20:37,,0.1,0.1,0.1,-112
2024-01-14 02:35:37,3.3,0,0.1,0,-110
2024-01-14 02:50:37,,0.1,0.1,0.1,-113
2024-01-14 03:05:37,3.3,0.1,0.1,0.1,-115
2024-01-14 04:05:36,3.3,0.1,0.1,0.1,-109
2024-01-14 04:20:36,,0.1,0.1,0.1,-118
2024-01-14 05:20:35,,0.1,0,0.1,-111
2024-01-14 11:20:32,,0,0.1,0,-117
2024-01-14 11:35:32,3.3,0,0.1,0,-115
2024-01-14 11:50:32,,0,0,0,-115
2024-01-14 12:05:32,3.3,0,0.1,0,-108
2024-01-14 12:20:32,,0,0.1,0,-115
2024-01-14 13:35:31,3.3,0,0.1,0,-117
2024-01-14 15:05:30,3.3,0,0.1,0,-108
2024-01-14 15:50:30,,0,0.1,0,-119
2024-01-14 16:35:29,3.3,0,0.1,0,-116
2024-01-14 18:20:28,,0,0.1,0,-111
2024-01-14 20:05:27,3.3,0.1,0.1,0.1,-119
2024-01-14 21:05:27,3.3,0.1,0.1,0.1,-112
2024-01-14 22:20:26,,0.1,0.1,0.1,-116
2024-01-15 01:35:25,3.3,0.1,0.1,0.1,-110
2024-01-15 01:50:24,,0.1,0.1,0.1,-110
2024-01-15 02:05:24,3.3,0.1,0,0.1,-112
2024-01-15 02:35:24,3.3,0.1,0,0.1,-94
2024-01-15 03:50:23,,0.1,0.1,0.1,-110
2024-01-15 04:35:23,3.3,0.1,0.1,0.1,-112
2024-01-15 05:05:23,3.3,0.1,0.1,0.1,-112
2024-01-15 05:50:22,,0.1,0.1,0.1,-108
2024-01-15 07:50:21,,0.1,0.1,0.1,-111
2024-01-15 15:50:17,,0,0.1,0,-109
2024-01-15 20:20:15,,0.1,0.1,0.1,-112
2024-01-15 20:35:15,3.3,0.1,0.1,0.1,-115
2024-01-15 21:20:14,,0.1,0.1,0.1,-102
2024-01-15 21:50:14,,0.1,0,0.1,-120
2024-01-15 22:20:14,,0.1,0.1,0.1,-115
2024-01-15 22:50:13,,0.1,0.1,0.1,-110
2024-01-15 23:05:13,3.3,0.1,0,0.1,-126
2024-01-15 23:20:13,,0.1,0.1,0.1,-117
2024-01-15 23:35:13,3.3,0.1,0,0.1,-115
2024-01-15 23:50:13,,0.1,0,0.1,-109
2024-01-16 00:05:13,3.3,0.1,0,0.1,-104
2024-01-16 00:20:13,,0.1,0.1,0.1,-116
2024-01-16 00:35:12,3.3,0.1,0.1,0.1,-106
2024-01-16 00:50:12,,0.1,0,0.1,-118
2024-01-16 01:05:12,3.3,0.1,0.1,0.1,-115
2024-01-16 01:20:12,,0.1,0.1,0.1,-119
2024-01-16 01:50:12,,0.1,0.1,0.1,-107
2024-01-16 02:20:11,,0.1,0.1,0.1,-104
2024-01-16 02:35:11,3.3,0.1,0,0.1,-109
2024-01-16 02:50:11,,0.1,0.1,0.1,-109
2024-01-16 03:05:11,3.3,0.1,0.1,0.1,-105
2024-01-16 03:20:11,,0.1,0,0.1,-120
2024-01-16 03:35:11,3.3,0.1,0.1,0.1,-114
2024-01-16 03:50:11,,0.1,0.1,0.1,-106
2024-01-16 04:20:10,,0.1,0,0.1,-109
2024-01-16 05:05:10,3.3,0.1,0,0.1,-113
2024-01-16 05:20:10,,0.1,0.1,0.1,-116
2024-01-16 05:50:10,,0.1,0.1,0.1,-114
2024-01-16 06:05:10,3.3,0.1,0,0.1,-114
2024-01-16 06:20:09,,0.1,0.1,0.1,-113
2024-01-16 06:35:09,3.3,0.1,0.1,0.1,-105
2024-01-16 06:50:09,,0.1,0.1,0.1,-106
2024-01-16 07:20:09,,0.1,0.1,0.1,-110
2024-01-16 07:35:09,3.3,0.1,0.1,0.1,-110
2024-01-16 07:50:09,,0.1,0,0.1,-107
2024-01-16 08:05:09,3.3,0.1,0.1,0.1,-112
2024-01-16 08:20:08,,0.1,0.1,0.1,-109
2024-01-16 08:35:08,3.3,0.1,0.1,0.1,-105
2024-01-16 08:50:08,,0.1,0.1,0.1,-110
2024-01-16 09:20:08,,0.1,0.1,0.1,-109
2024-01-16 09:50:08,,0.1,0.1,0.1,-109
2024-01-16 10:05:07,3.3,0.1,0.1,0.1,-105
2024-01-16 10:20:07,,0.1,0.1,0.1,-113
2024-01-16 10:35:07,3.3,0.1,0.1,0.1,-108
2024-01-16 10:50:07,,0.1,0.1,0.1,-111
2024-01-16 11:35:07,3.3,0.1,0.1,0.1,-110
2024-01-16 11:50:07,,0.1,0,0.1,-116
2024-01-16 12:05:06,3.3,0.1,0.1,0.1,-111
2024-01-16 12:20:06,,0.1,0.1,0.1,-118
2024-01-16 12:35:06,3.3,0.1,0,0.1,-114
2024-01-16 12:50:06,,0.1,0,0.1,-110
2024-01-16 13:05:06,3.3,0,0.1,0,-114
2024-01-16 14:05:05,3.3,0.1,0.1,0.1,-108
2024-01-16 15:50:04,,0.1,0.1,0.1,-108
2024-01-16 17:50:03,,0.1,0.1,0.1,-107
2024-01-16 21:20:02,,0.1,0,0.1,-109
2024-01-16 21:35:01,3.3,0.1,0.1,0.1,-113
2024-01-16 21:50:01,,0.2,0,0.2,-114
2024-01-16 22:50:01,,0.1,0.1,0.1,-113
2024-01-16 23:50:00,,0.2,0.1,0.2,-110
2024-01-17 00:20:00,,0.2,0.1,0.2,-110
2024-01-17 00:35:00,3.3,0.2,0.1,0.2,-115
2024-01-17 00:50:00,,0.2,0.1,0.2,-114
2024-01-17 01:05:00,3.3,0.2,0,0.2,-117
2024-01-17 01:20:00,,0.2,0.1,0.2,-116
2024-01-17 01:34:59,3.3,0.2,0,0.2,-115
2024-01-17 01:49:59,,0.2,0,0.2,-117
2024-01-17 02:04:59,3.3,0.2,0,0.2,-109
2024-01-17 02:19:59,,0.2,0,0.2,-115
2024-01-17 02:34:59,3.3,0.2,0,0.2,-113
2024-01-17 03:04:59,3.3,0.2,0.1,0.2,-113
2024-01-17 03:19:59,,0.2,0,0.2,-112
2024-01-17 03:34:58,3.3,0.2,0,0.2,-111
2024-01-17 04:04:58,3.3,0.2,0,0.2,-108
2024-01-17 04:19:58,,0.2,0,0.2,-116
2024-01-17 04:34:58,3.3,0.2,0,0.2,-109
2024-01-17 04:49:58,,0.2,0.1,0.2,-108
2024-01-17 05:04:58,3.3,0.2,0.1,0.2,-106
2024-01-17 05:19:58,,0.2,0.1,0.2,-111
2024-01-17 05:34:58,3.3,0.2,0.1,0.2,-108
2024-01-17 05:49:57,,0.2,0,0.2,-112
2024-01-17 06:04:57,3.3,0.2,0.1,0.2,-108
2024-01-17 06:19:57,,0.2,0.1,0.2,-108
2024-01-17 06:34:57,3.3,0.2,0,0.2,-109
2024-01-17 06:49:57,,0.2,0.1,0.2,-110
2024-01-17 07:04:57,3.3,0.2,0,0.2,-102
2024-01-17 07:19:57,,0.2,0.1,0.2,-108
2024-01-17 07:34:57,3.3,0.2,0.1,0.2,-103
2024-01-17 07:49:56,,0.2,0.1,0.2,-106
2024-01-17 09:04:56,3.3,0.2,0.1,0.2,-108
2024-01-17 09:19:56,,0.2,0.1,0.2,-106
2024-01-17 09:34:56,3.3,0.2,0,0.2,-113
2024-01-17 10:04:55,3.3,0.2,0.1,0.2,-108
2024-01-17 10:19:55,,0.2,0,0.2,-106
2024-01-17 10:34:55,3.3,0.2,0.1,0.2,-105
2024-01-17 13:04:54,3.3,0.2,0.1,0.2,-109
2024-01-17 13:34:54,3.3,0.2,0.1,0.2,-108
2024-01-17 14:34:53,3.3,0.1,0,0.1,-115
2024-01-17 14:49:53,,0.1,0.1,0.1,-108
2024-01-17 22:49:49,,0.2,0,0.2,-109
2024-01-18 01:49:48,,0.2,0,0.2,-107
2024-01-18 02:04:48,3.3,0.2,0.1,0.2,-110
2024-01-18 03:04:47,3.3,0.2,0.1,0.2,-111
2024-01-18 03:19:47,,0.2,0,0.2,-108
2024-01-18 03:49:47,,0.2,0.1,0.2,-104
2024-01-18 07:19:45,,0.1,0.1,0.1,-115
2024-01-18 07:34:45,3.3,0.1,0.1,0.1,-118
2024-01-18 08:19:44,,0.1,0.1,0.1,-115
2024-01-18 12:35:12,3.3,0,0,0,-107
2024-01-18 13:04:42,3.3,0,0.1,0,-111
2024-01-18 14:19:41,,0,0,0,-112
2024-01-18 21:04:37,3.3,0,0,0,-110
2024-01-18 21:49:37,,0,0.1,0,-115
2024-01-19 03:19:34,,0,0.1,0,-112
2024-01-19 06:04:33,3.3,0.1,0,0.1,-106
2024-01-19 15:19:28,,0,0.1,0,-114
2024-01-19 16:49:27,,0.1,0.1,0.1,-118
2024-01-19 17:49:27,,0,0.1,0,-116
2024-01-19 19:49:25,,0.1,0.1,0.1,-111
2024-01-19 20:19:25,,0.1,0,0.1,-115
2024-01-19 21:19:25,,0.1,0.1,0.1,-112
2024-01-19 22:04:24,3.2,0.1,0.1,0.1,-114
2024-01-20 00:19:23,,0.1,0.1,0.1,-114
2024-01-20 01:34:22,3.2,0.1,0.1,0.1,-111
2024-01-20 02:19:22,,0.2,0.1,0.2,-115
2024-01-20 02:34:22,3.2,0.2,0,0.2,-111
2024-01-20 02:49:22,,0.2,0,0.2,-110
2024-01-20 04:04:21,3.2,0.2,0,0.2,-111
2024-01-20 04:19:21,,0.2,0,0.2,-110
2024-01-20 04:34:21,3.2,0.2,0.1,0.2,-108
2024-01-20 07:04:20,3.2,0.2,0.1,0.2,-113
2024-01-20 08:19:19,,0.2,0,0.2,-114
2024-01-20 09:19:19,,0.2,0.1,0.2,-121
2024-01-20 09:34:18,3.2,0.2,0,0.2,-111
2024-01-20 11:19:18,,0.1,0.1,0.1,-108
2024-01-20 11:49:17,,0.1,0,0.1,-111
2024-01-20 12:04:17,3.2,0.1,0,0.1,-111
2024-01-20 12:49:17,,0.1,0.1,0.1,-116
2024-01-20 14:19:16,,0.1,0.1,0.1,-117
2024-01-20 16:49:15,,0.1,0,0.1,-110
2024-01-20 18:19:14,,0.2,0,0.2,-116
2024-01-20 19:19:14,,0.2,0.1,0.2,-111
2024-01-20 21:19:13,,0.1,0.1,0.1,-113
2024-01-20 23:34:11,3.2,0.2,0,0.2,-113
2024-01-21 10:19:06,,0.1,0.1,0.1,-110
2024-01-21 19:34:01,3.2,0.1,0.1,0.1,-109
2024-01-22 00:18:59,,0.1,0.1,0.1,-120
2024-01-22 00:33:59,3.2,0.1,0,0.1,-115
2024-01-22 00:48:59,,0.1,0.1,0.1,-120
2024-01-22 01:03:58,3.2,0.1,0.1,0.1,-122
2024-01-22 02:03:58,3.2,0.1,0.1,0.1,-115
2024-01-22 02:48:58,,0.2,0,0.2,-114
2024-01-22 03:18:57,,0.2,0,0.2,-110
2024-01-22 04:03:57,3.2,0.2,0,0.2,-115
2024-01-22 04:33:57,3.2,0.2,0,0.2,-115
2024-01-22 05:18:56,,0.1,0.1,0.1,-119
2024-01-22 05:33:56,3.2,0.2,0,0.2,-107
2024-01-22 05:48:56,,0.2,0,0.2,-105
2024-01-22 06:03:56,3.2,0.2,0,0.2,-118
2024-01-22 06:18:56,,0.2,0,0.2,-116
2024-01-22 06:33:56,3.2,0.2,0,0.2,-113
2024-01-22 06:48:56,,0.2,0,0.2,-107
2024-01-22 07:03:55,3.2,0.2,0,0.2,-112
2024-01-22 07:18:55,,0.2,0,0.2,-117
2024-01-22 07:33:55,3.2,0.2,0.1,0.2,-110
2024-01-22 07:48:55,,0.2,0.1,0.2,-111
2024-01-22 08:03:55,3.2,0.2,0.1,0.2,-115
2024-01-22 10:18:54,,0.1,0.1,0.1,-106
2024-01-22 13:48:52,,0,0.1,0,-109
